id	author_id	created_at	text	coding	sentiment
1465448980784025606	352983745	2021-11-29 22:33:58+00:00	release	watching	positive
1465395602628431877	581895939	2021-11-29 19:01:52+00:00	Richard Berry #ShangChi https://t.co/iPKH3XqSJR	actor/charactor talk	neutral
1465538891012710401	1313581040900870144	2021-11-30 04:31:14+00:00	Kind of looks like Simu Liu is wearing briefs under those very lose pants on “Shang-Chi.” https://t.co/C5LxbDjbQZ	actor/charactor talk	neutral
1465508101478662147	447806438	2021-11-30 02:28:53+00:00	"@WSJ If #Disney thinks taking out the episode abt #TiananmenSquareMassacre in #Simpsons can please #CCP #China, well, such a big mistake, like ShangChi. https://t.co/8Io2HksDIV"	scene/plot talk	negative
1465536858620715009	867672548166713344	2021-11-30 04:23:10+00:00	Ya know Shang-Chi is a great movie and all... without the constant lagging and screaming of course.	praise	neutral
1465552443970777088	1244172103521169408	2021-11-30 05:25:05+00:00	Baru tengok Shang Chi. Not saying Wenwu's decision was right but I understand him.	scene/plot talk	neutral
1465428785436803081	1385059444506066944	2021-11-29 21:13:43+00:00	"@TajakaKarka yeah i referenced the top panel from the end credit scene in shangchi haha i havent watched b99, but ive seen that one scene w the song floating around n i think its funny LOL thank u!!!"	scene/plot talk	positive
1465414726775709700	703468726931296256	2021-11-29 20:17:51+00:00	I just watched Shang Chi and it’s freakin good I love it	praise	positive
1465472134260604928	1150918792400293889	2021-11-30 00:05:58+00:00	"yeah Shang Chi was incredible. those were some of, if not the best fight scenes in the MCU. one of the best things to come out of phase 4 so far. and Simu Liu is fantastic i wanna see so much more of him in the MCU"	praise	positive
1465450141901594629	1445109841803063305	2021-11-29 22:38:35+00:00	@yanismouhoub2 @GraceRandolph We’re most likely gonna get a Dr Strange Credit scene like in Shang chi that reveals what’s happened after wandavisiom with a possibility of Wanda showing	scene/plot talk	neutral
1465375353082372102	1504900886	2021-11-29 17:41:24+00:00	"#ContentMarketing #BlogMean @techpritam RT @C_Shangchi: #MXS - #RBX Partnership!! Join us now, &amp; learn #SHILLING #DigitalMarketing #ContentMarketing #CyberSecurity… https://t.co/kK5zA52wCq"	too little info	neutral
1465544362536828934	71979678	2021-11-30 04:52:59+00:00	Did I just watch Shang chi again? Yes. Yes I did.	watching	positive
1465385606180220929	542852843	2021-11-29 18:22:08+00:00	"spiderman comes out soon and I've got to somehow watch wandavision, falcon and the winter soldier, Loki, Shang-chi, and Hawkeye all  in the span of two ish weeks __"	watching	neutral
1465421054524858372	1381101659695149058	2021-11-29 20:43:00+00:00	Shang Chi https://t.co/PB4gUnEa6L	too little info	neutral
1465399312540700681	294040042	2021-11-29 19:16:36+00:00	"Ok the fight choreography in Shang Chi actually RULES???  Damn, good to watch good fights in a Marvel movie"	praise	positive
1465491972358090759	138174963	2021-11-30 01:24:48+00:00	"So far, I only see Shang Chi in the marvel banner"	comparison	neutral
1465553190162677760	917542157271076871	2021-11-30 05:28:03+00:00	I finally saw Shang-Chi ______ it was sooooo good I could cry. In fact I did	praise	positive
1465471450756919297	4890787050	2021-11-30 00:03:15+00:00	“It’s time to show them who I really am.” Experience Marvel Studios’ #ShangChi and the Legend of the Ten Rings is in theater now. Get your tickets to see it today!___ https://t.co/QhORN2pkb0 https://t.co/I9QFnzjtnJ	advertisement	neutral
1465433013693693964	1118692498694713345	2021-11-29 21:30:31+00:00	#Shang-Chi in 4k on the 65in looks crazy good!	praise	positive
1465379510589829121	2937350295	2021-11-29 17:57:55+00:00	@Browntable_Ent I actually think they are doing the shang Chi way and throwing a lot of the jokes in the beginning and saving the serious emotional stuff for the end	comparison	neutral
1465407735709810705	1441052183152062468	2021-11-29 19:50:04+00:00	Watching shang chi again. Such a good movie	watching	positive
1465402879154561037	1436424943093301250	2021-11-29 19:30:46+00:00	Shang chi has the most replay value of all phase 4 projects	comparison	positive
1465384913167814657	137059289	2021-11-29 18:19:23+00:00	@JoelRushNBA Flip WandaVison and Shang-chi and you nailed it for me.	comparison	positive
1465497002632900610	1199737038414610435	2021-11-30 01:44:47+00:00	"@RJSiGAM1NG @vitinliberation @Marvel_FFightUS Y ??She is just like Shang chi, there’s no point adding her."	comparison	neutral
1465449630888464384	122280516	2021-11-29 22:36:33+00:00	"Maybe it's under the Avengers Assemble"" tag in the entertainment schedule? Anyone know where they put the Shang Chi/Black Widow shows? It would be great if I could fit this in before going to #MerriestNites tomorrow... @Disneyland"""	release	neutral
1465438731473670150	47196215	2021-11-29 21:53:14+00:00	"Over the weekend. While with my brother up in Ipswich. We have watched Captain America: Civil War, Shang Chi, the first 3 episodes of Marvel's What if, The Amazing Spider-man, Avengers Infinity War and Avengers End. We had a great time. Also. Amazing Spider-man is a great film"	watching	positive
1465377452797136904	1443925507230343180	2021-11-29 17:49:44+00:00	i watched shang-chi again i miss wenwu i want him back :(	watching	positive
1465382634360426501	1166288790568099841	2021-11-29 18:10:20+00:00	nw: Shang-Chi	too little info	neutral
1465411389661622274	964564096464105472	2021-11-29 20:04:35+00:00	"The first fight scene of Shang-Chi is definitely a Jackie Chan reference. The choreography reminds me of Jackie. Before the fight starts off Shang says I don't want any trouble"""""	comparison	neutral
1465522640211230728	1317847712239292416	2021-11-30 03:26:40+00:00	@kranthigaa masssssssss __ shang chi inka soodle ____ https://t.co/AxOI0tFWJs	too little info	neutral
1465399735305527311	1150590686640652296	2021-11-29 19:18:17+00:00	Also I'm tired of each MCU film having a running gag that becomes unfunny after the first time:Doctor Strange: The Beyonce jokeFFH: Peter TingleBlack Widow: Nat's poseAge of Ultron: LanguageShang-Chi: Hotel California (that karaoke scene fire tho ngl)	scene/plot talk	negative
1465449448692240396	34663615	2021-11-29 22:35:49+00:00	"Shang-Chi and The Legend of The Ten Rings Review https://t.co/XMRd7kV30G Marvel Studios’ Shang-Chi and The Legend of The Ten Rings is now on all major digital platforms and on 4K Ultra HD, Blu-ray, and DVD on November 30.  #ShangChi"	advertisement	neutral
1465547919944081415	1148361509052940289	2021-11-30 05:07:07+00:00	Nonton Film dan Drama Sub Indo GratisLink : https://185.137.122.60/Telegram Group: https://t.co/zRaarNe2aG#kaisar21 #filmsubindo #bioskop21 #shangchi #indoxxi https://t.co/Tw2WR5yUXy	too little info	neutral
1465481646162038786	1215916315984236544	2021-11-30 00:43:46+00:00	@ESPNFC https://t.co/3YFXV134jHGet all your latest movies here.Hit and  join.You want venom HD?Shang Chi?No Time To Die?Red Notice?Spiderman: No Way Home?No hustle. We've got it	advertisement	neutral
1465552404049534985	1416973767868358662	2021-11-30 05:24:56+00:00	shang-chi https://t.co/G7RdqZte44	too little info	neutral
1465532174082318337	344793253	2021-11-30 04:04:33+00:00	"Shang-Chi Star Simu Liu, Rest of the Internet Have Fun With His Old Stock Photo Gig https://t.co/lG0dO6Bj1J"	actor/charactor talk	neutral
1465425280928002056	390615382	2021-11-29 20:59:47+00:00	@Silent0siris There was a stunt guys react from @CorridorDigital about the sequences in Shang Chi. Really insightful.	scene/plot talk	positive
1465383130978820102	894399116448542720	2021-11-29 18:12:18+00:00	marvel shang chi could release in theaters and Disney plus if Disney chooses that.  Resident Evil: Welcome to Raccoon City will stay in that September 3 spot.  Sony picture hoping Disney make that decision but Disney that made that decision and delayed Sony picture movie.	release	neutral
1465539473601490946	234742339	2021-11-30 04:33:33+00:00	He (Shangchi) too crazy about her (Katy)	actor/charactor talk	neutral
1465421701789933571	1228952881	2021-11-29 20:45:34+00:00	I loved Shang-Chi and the Legend of the Ten Rings https://t.co/f9Rm9AES98	praise	positive
1465407547926622209	21271021	2021-11-29 19:49:20+00:00	@Philjimeneznyc @shangchi So good	praise	positive
1465442315070279686	806002454781423617	2021-11-29 22:07:29+00:00	"@CaRenaeTX I had no trouble for the earliest showing, but the 7 was mostly full except the first 2 rows. It was way emptier when I looked for Eternals and Shang Chi"	release	neutral
1465425520833830921	283820110	2021-11-29 21:00:45+00:00	Shang chi 10/10	praise	positive
1465483135127154693	1194910429870313472	2021-11-30 00:49:41+00:00	@MattyTingles Shang-Chi: saw it on Disney+ Day after avoiding a ton of spoilersDEH: I heard it sucksNo Time To Die: not much of a Bond fan like my dad but I may see it with himEternals: gonna see this weekVenom 2: gonna see this weekKing Richard: meh not interested	watching	neutral
1465513692427132935	187640135	2021-11-30 02:51:06+00:00	"I finally watched @shangchi this evening and was pleasantly surprised, looking forward to more #shangchi #MarvelStudios"	praise	positive
1465450465714450435	444222488	2021-11-29 22:39:52+00:00	@scripuh Logan was good but I wanna keep it in the MCU. So1. Thor ragnorok2. Civil War3. Shang chi4. Endgame 5. Gardians of the galaxy 1	comparison	positive
1465524865511960578	2861352197	2021-11-30 03:35:30+00:00	What if...? — Shang-Chi (1993) https://t.co/PzauHosL0b	scene/plot talk	positive
1465481961733033988	720232879129800704	2021-11-30 00:45:01+00:00	"Also, Shang-Chi and the Legend of the Ten Rings was incredible. @SimuLiu and the cast killed it! One of my favorite marvel movies to date."	praise	positive
1465546353728270337	1399514399124209668	2021-11-30 05:00:53+00:00	@JenkinsJoestar i didn’t watch shang-chi :(but i liked her in sponge on the run	actor/charactor talk	netral
1465393751979802626	1271479001844977666	2021-11-29 18:54:30+00:00	fuck. i just want to watch Shang Chi	watching	positive
1465412900315619331	1263289397702770688	2021-11-29 20:10:36+00:00	"Shang-Chi and the ten rings is a great movie, 10/10"	praise	positive
1465451752279396360	2849181936	2021-11-29 22:44:59+00:00	I FINALLY FINISHED SHANG-CHI IT WAS SO GOOD :0	praise	positive
1465494903908024326	2440030634	2021-11-30 01:36:27+00:00	"omg, nasa Shang-Chi and the Legend of the Ten Rings pala si Awkwafina??"	too little info	positive
1465398008237993986	1364030810299506688	2021-11-29 19:11:25+00:00	@firstwefeast Shang Chi	too little info	neutral
1465446327907667969	1165777963671072768	2021-11-29 22:23:25+00:00	The day before release baby! #ShangChi https://t.co/o5gSRjvett	release	positive
1465487740808667151	1272235580777259011	2021-11-30 01:07:59+00:00	Watching Shang Chi	watching	positive
1465532904587481088	147269233	2021-11-30 04:07:27+00:00	Cuts. Deep.@shangchi __________ https://t.co/CInzQkzZno	praise	positive
1465533675282575365	49741529	2021-11-30 04:10:31+00:00	"@LizBolt_ Shang Chi on Disney+, Godzilla vs Kong on HBO, and Red Notice on Netflix"	advertisement	neutral
1465545227633143817	2479845637	2021-11-30 04:56:25+00:00	"I just feel like Xialing is a complex character that she has so much for us to explore."" #ShangChi star Meng’er Zhang would also like to see a Xialing spinoff show on @disneyplus: https://t.co/PiqY5GoQVV https://t.co/57Yw2k0bEr"""	actor/charactor talk	neutral
1465493213825880070	1039685335272357888	2021-11-30 01:29:44+00:00	Finally got around to watching Shang-Chi! What a fun movie! It was so different than other Marvel movies and it was a nice change of pace.	comparison	positive
1465426755326558209	939124605784117248	2021-11-29 21:05:39+00:00	"@ratfestival Ou wow I love this so much ____What exact scene is this from? My bets are either Shang-Chi or Brooklyn 99, funny is the exact same song is used I love it"	scene/plot talk	positive
1465398497503420421	2987647814	2021-11-29 19:13:22+00:00	@tabi__suju yeeee! they did the whole soundtrack for shang chi as well~	watching	positive
1465488219273846787	3148065530	2021-11-30 01:09:53+00:00	i think shang chi had the best non-powered supporting character in all the marvel movies. i feel like awkwafina did a pretty good job	actor/charactor talk	positive
1465405788621623302	200639028	2021-11-29 19:42:20+00:00	@Philjimeneznyc @shangchi It was my first theater experience in over a year and I wasn’t disappointed	release	positive
1465527611367608320	1376947901675487237	2021-11-30 03:46:25+00:00	"Black Widow was OK, Shang-Chi was Excellent, Eternals Sucked, Spider-Man better not disappoint."	comparison	positive
1465508013242912769	1419094651445727233	2021-11-30 02:28:32+00:00	"Just watched Shang-Chi and the Legend of the Rings, honestly probably mu favorite of the marvel movies, it didn't even feel like a marvel movie which was kinda a perk of its own tbh."	comparison	positive
1465408447973888004	2329697455	2021-11-29 19:52:54+00:00	"@cullend @bendreyfuss i still haven't watched shang-chi, venom, or eternals, and i have NO IDEA what has happened in those films...i just don't click on that shit"	comparison	negative
1465400283438194690	3266379217	2021-11-29 19:20:28+00:00	ok minha lista de filmes pra ver no meu aniversario:- the power of the dogs- aladdin- shang-chi- soul- luca	too little info	netral
1465425975219564550	296294526	2021-11-29 21:02:33+00:00	Oh blimey another random other MCU movie character? #shangchi	actor/charactor talk	negative
1465410884956790792	1447877070588157961	2021-11-29 20:02:35+00:00	[See price in cart]Funko POP! Marvel: Shang-Chi and the Legend of the Ten Rings#funkoPOP #walmartExclusiveSource: Walmart CheckerReason: IN_STOCK__: https://t.co/cjFxQOEc3R03:02:33.8860 PM EST #Adhttps://t.co/gYtAU5ERhz	advertisement	neutral
1465393132502138880	1070834057389490176	2021-11-29 18:52:03+00:00	Imagine if we get a trilogy of MCU Spidey in college and we get more team-ups with other Avengers like Shang-Chi (that @SimuLiu also wants) and Captain Marvel in later movies where they fight against the Council of Kangs in the Multiverse Saga https://t.co/2zEUNWV4rt	scene/plot talk	positive
1465554390824198150	1201379437855592450	2021-11-30 05:32:50+00:00	Shang-Chi and the Legend of the Ten Rings Movie Giveaway! @shangchi #shangchi @Marvel #Marvel @MarvelStudios #MarvelStudios #MCU @Disney #Disney #AD via @gaynycdad #sweepstakes https://t.co/Us4sefabDs	advertisement	neutral
1465396029461827598	4727709856	2021-11-29 19:03:33+00:00	@semprecansat Shang Chi*__	too little info	neutral
1465553260580904962	1216761698532626432	2021-11-30 05:28:20+00:00	"@wandaslizzie @wandaslizzie I actually reviewed Eternals, just like I did for Shang Chi, Black Widow and have done weekly for What If, Loki, Wandavision, &amp; Falcon and the Winter Soldier!!!!Feel free to share if you like ______https://t.co/VaUjApbsHL"	advertisement	neutral
1465415375860895744	1328673451280916480	2021-11-29 20:20:26+00:00	Shang-Chi is Mephisto	too little info	neutral
1465464922104606729	1143366245749854208	2021-11-29 23:37:19+00:00	shang-chi __ https://t.co/XTcChaKeLL	too little info	neutral
1465383437280419840	1037731302	2021-11-29 18:13:31+00:00	"Loved this movie!! IF YOU AIM FOR NOTHING YOU HIT NOTHING"" WHATTTT! LOVE THE QUOTES IN THIS MOVIE!!! https://t.co/mPArY2DeeX"""	praise	positive
1465442773788733441	1461058009971503108	2021-11-29 22:09:18+00:00	Watching @shangchi again tonight by far my favourite #MCU movie in years literally cannot get enough of this masterpiece #ShangChi https://t.co/PrAkYVI8U6	praise	positive
1465447818001330181	2842243853	2021-11-29 22:29:21+00:00	Shang-Chi and the Legend of the Ten Rings Movie Giveaway! @shangchi #shangchi @Marvel #Marvel @MarvelStudios #MarvelStudios #MCU @Disney #Disney #AD via @gaynycdad #sweepstakes https://t.co/DkvLKA8nRt	advertisement	neutral
1465500089896644608	762335478062342144	2021-11-30 01:57:03+00:00	halloween killscruellavenom 2shang chigodzilla vs kong all 3 fear street movies spiderman no way home https://t.co/IKTO51tFXI	comparison	neutral
1465418111356710923	296294526	2021-11-29 20:31:18+00:00	"HANG ON, WHAT ARE YOU DOING HERE, CHARACTER FROM OTHER MOVIE? I hope this gets explained.Both of them, actually.#shangchi"	actor/charactor talk	positive
1465474771848679425	44258280	2021-11-30 00:16:27+00:00	Shang-Chi and the Legend of the Ten Rings Movie Giveaway! @shangchi #shangchi @Marvel #Marvel @MarvelStudios #MarvelStudios #MCU @Disney #Disney #AD via @gaynycdad #sweepstakes https://t.co/1HKWq1NA47	advertisement	neutral
1465437677633871876	3293311679	2021-11-29 21:49:03+00:00	currently rewatching Shang-Chi and the legend of the 10 rings __ https://t.co/OaLhrtC8Bg	watching	positive
1465393717171343361	1375200011345088519	2021-11-29 18:54:22+00:00	"School sucked, got called a racist for disliking the Black Panther movie but enjoying Shang-Chi"	comparison	positive
1465426879343742983	1136723351907590144	2021-11-29 21:06:09+00:00	just finished shang-chi and it’s my new fave marvel movie bc holy shit 20/10	comparison	positive
1465501511564161027	430331389	2021-11-30 02:02:42+00:00	I also successfully avoided every Shang Chi spoiler for 3 months so GO ME	scene/plot talk	positive
1465545297820405763	1340835141795545088	2021-11-30 04:56:42+00:00	@E_salazar27 Eternals was better than Shang chi. Fresh and new. Lore is better. Shang chi was basic	comparison	negative
1465390564338245636	1120224590549143553	2021-11-29 18:41:50+00:00	@SweetestTea_ @Uncle_elr0y Do you mean Shang Chi? (Really good movie if so)	praise	positive
1465535012955168775	369391573	2021-11-30 04:15:50+00:00	"Just finished Shang Chi, it was soooo good!!!"	watching	positive
1465464212357095432	1110019496532680704	2021-11-29 23:34:29+00:00	@Philjimeneznyc @shangchi I liked it. I didn’t love it. It was funny. That red outfit is dope ass hell!__	watching	neutral
1465450681293324291	1280710830695354369	2021-11-29 22:40:43+00:00	there was a shang chi comic shirt but i couldn’t get it bc i had to buy smth for my brother :(	praise	neutral
1465452446285709320	351654527	2021-11-29 22:47:44+00:00	"If Michelle Yeoh hadn't turned up when she did, I would've have given up on #ShangChi Legend Of The Ten Rings. Movie got better when she makes her appearance.(Oh and Sir Ben Kingsley, turns up a few minutes earlier, that held my attention long enough fir Yeoh's arrival)"	actor/charactor talk	negative
1465411469265326080	1256001579465015299	2021-11-29 20:04:54+00:00	@screenthehype what you gonna say next??? shang-chi was bad too?? ____	comparison	positive
1465382019270127619	50508029	2021-11-29 18:07:53+00:00	@cassieedunkk @veto_AndrewF Omg I was so sad when they delayed it. Like Shang-Chi and Eternals surprised me a ton (in a good way) but SM and DS are the movies my body is ready for	comparison	positive
1465493482907344897	364723915	2021-11-30 01:30:48+00:00	"@DJizLurch I thought Shang Chi was pretty cool, but if I’m being honest I was not a fan of the big “save the world” CGI battle scene at the end. Esp shortly after seeing the Eternals saving the world, it feels a bit over done at this point."	scene/plot talk	negative
1465411743404937216	989464640819290114	2021-11-29 20:06:00+00:00	On this week's episode we review Shang-Chi and the Legend of the Ten Rings while enjoying beer by @PomonaIsland and @rivingtonbrewco Will Marvel's blockbuster match up to a couple of local beers?https://t.co/qlu9liWFH4 https://t.co/K8DjFwFQAh	scene/plot talk	neutral
1465481715443507200	1215916315984236544	2021-11-30 00:44:02+00:00	@brfootball https://t.co/3YFXV134jHGet all your latest movies here.Hit and  join.You want venom HD?Shang Chi?No Time To Die?Red Notice?Spiderman: No Way Home?No hustle. We've got it	advertisement	neutral
1465375638496235523	1346765908119732224	2021-11-29 17:42:32+00:00	just watched shang chi and DAMN SIMU LIU LOOKS GOOD	actor/charactor talk	neutral
1465469609503563780	1397551121107984387	2021-11-29 23:55:56+00:00	@sersisverse woah shang chi wth	too little info	negative
1465390603743674371	190041484	2021-11-29 18:42:00+00:00	Worldwide Hollywood box office 2021:1 #NoTimeToDie: 758M$2 #Fast9: 739M$3 #Venom2: 469M$4 #GodzillaVsKong: 467M$5 #ShangChi: 431M$6 #BlackWidow: 379M$7 #Dune: 374M$8 #Eternals: 368M$9 #FreeGuy: 331M$10 #AQuietPlace2: 297M$ https://t.co/pgnfLmgJhd	advertisement	neutral
1465391258872987654	3235517816	2021-11-29 18:44:36+00:00	When we see Shang-Chi training Spider-Man in avengers 5&gt;&gt;&gt; https://t.co/rpegkuV9tw	actor/charactor talk	neutral
1465438205696610310	1079082134437007360	2021-11-29 21:51:09+00:00	MF I HAVE TEARS THINKING ABOUT THE LAST AGNI KAI AND SHANGCHI FIGHTING HIS DAD MY HEART IS TEARING INTO PIECES		
1465485662681907204	811219351	2021-11-30 00:59:44+00:00	@suresh01777 Please RETWEET&amp;LISTEN https://t.co/ECLB8kBm6E Pablo goes over #netflix #MidnightMass #BlueMiracle #JohnLeguizamosLatinHistoryforMorons #LuisEsparza #StarWars #SWVisions TheAmbassador gets into #HBOMax #DoomPatrol #Maid #Dracula #talkingnerdy #talknerdytome RT https://t.co/ggUaBid2Ya		
1465376986914775048	1895201935	2021-11-29 17:47:53+00:00	Sto guardando Shang-Chi and the Legend of the Ten Rings (2021) https://t.co/inw4pJqaDX #trakt	comparison	neutral
1465518377766690816	1394966454496370694	2021-11-30 03:09:43+00:00	The only merch I have is this poster and Shang-chi funko and I only buy merch when things REALLY mean something to me so long story short only twd and Shang-chi have any power over me https://t.co/EJnNotrLtP	praise	positive
1465455943190200325	857695653497102336	2021-11-29 23:01:38+00:00	"@Philjimeneznyc @shangchi It's in my top 5 faves behind WW, SM:ItSV and BP"	praise	positive
1465412360684900359	1059157094484586497	2021-11-29 20:08:27+00:00	"finally watched shang-chi, very good movie __"	praise	positive
1465395201158098948	1251319314470371330	2021-11-29 19:00:16+00:00	Shang chi is a 6/10 to me .....	praise	positive
1465407550224932865	1290294990480879616	2021-11-29 19:49:20+00:00	shang chi https://t.co/6nMeA0bGAt	too little info	neutral
1465469904039989251	764921618099470336	2021-11-29 23:57:06+00:00	"@The_Movie_Goer @IMDb Dude, Shang-Chi and The Legend of the Ten Rings"" was terrible!. _______I was in the theater and i wanted to kill myself before the first half of the film..."""	Criticism	negative
1465498755390705666	843297431655800832	2021-11-30 01:51:45+00:00	Shang-Chi and the Legend of the Ten Rings Movie Giveaway! @shangchi #shangchi @Marvel #Marvel @MarvelStudios #MarvelStudios #MCU @Disney #Disney #AD via @gaynycdad #sweepstakes https://t.co/nd21A6JPC6	Criticism	negative
1465425336510795779	3686763792	2021-11-29 21:00:01+00:00	#ShangChi and the Legend of the Ten Rings in stores Tuesday.  Pre-order your #Target #Exclusive copy today.https://t.co/f5BXPJAC7X t	advertisement	neutral
1465486548892278793	1036267465620246528	2021-11-30 01:03:15+00:00	Two months late to seeing Shang-Chi. Better late than never?	advertisement	neutral
1465379190392430594	25508765	2021-11-29 17:56:39+00:00	Shang-Chi Review- For a movie with that many cool fight scenes it sure is boring.	Criticism	negative
1465493060159250432	187014063	2021-11-30 01:29:07+00:00	Why they put Aqua in this Shang-Chi movie?45 minutes in &amp; she ain't adding nothing to this movie. Not even comic relief __	actor/charactor talk	neutral
1465547632160346112	52405864	2021-11-30 05:05:58+00:00	Finally seen Shang Chi and wow what a great movie!	praise	positive
1465374718622527489	1340686859354198016	2021-11-29 17:38:52+00:00	@mikabilis_art that one kingo shang chi drawing lives in my head rent free i assure you	too little info	neutral
1465475253400920068	50862143	2021-11-30 00:18:22+00:00	I need to watch Shang-Chi and Eternals. I’m so behind __	watching	neutral
1465498309112467458	1206209103560765440	2021-11-30 01:49:59+00:00	shang-chi training peter is happening !!!! https://t.co/9BsRL7xlej	actor/charactor talk	neutral
1465463617063686151	1174737591847051271	2021-11-29 23:32:07+00:00	Watching shang-chi	watching	neutral
1465506463099457538	1400104369517826052	2021-11-30 02:22:23+00:00	omg yao wang got cast in the shang-chi sequel!!! *dies of fangirling* https://t.co/ge3K09v2tF	actor/charactor talk	neutral
1465388516230184970	1095042515772850177	2021-11-29 18:33:42+00:00	"@petesweeneypro @gabewildau Disney planting a 8964"" cuckoo's egg in Shang-Chi is a solid attempt to get the ""Banned in China"" badge. Though I don't see how Disney plans to profit by making anti-China movies."""	scene/plot talk	neutral
1465500862403407875	1287336784909672448	2021-11-30 02:00:07+00:00	@IMDb DuneNo Time To DieShang ChiHouse of GucciThe Last Duel	too little info	neutral
1465523572458373130	228505497	2021-11-30 03:30:22+00:00	Shang-Chi was better than Black Panther in my eyes and I’m mad I’m saying it lol	comparison	positive
1465541570111971331	2598815637	2021-11-30 04:41:53+00:00	Just watched Shang-Chi and The Legend of The Ten Rings! FYE__.	watching	neutral
1465425321969156096	1079082134437007360	2021-11-29 20:59:57+00:00	HELL YEAH MORE CONTENT https://t.co/jDHtEZjfSX	too little info	neutral
1465496160320335874	1445091883072491520	2021-11-30 01:41:26+00:00	i need some friends:)here are some movies/shows/bands i &lt;3-you-captain america civil war -captain america the winter soldier-shang-chi-the walking dead-supernatural -the witcher -the beatles-fleetwood mac-the score -arctic monkeys-nirvana	too little info	neutral
1465525854138560516	746789635326521344	2021-11-30 03:39:26+00:00	my older brother got me a xialing funko and he got himself a shang-chi funko https://t.co/3AUmBANLOW	collectibles	neutral
1465423727210938376	1064823823432851456	2021-11-29 20:53:37+00:00	Watching ShangChi and I’m completely obsessed with Xialing	actor/charactor talk	positive
1465543430369591298	1272521446443679745	2021-11-30 04:49:16+00:00	watched shang chi with my besties today the latest night calls happened again i'm happy	watching	positive
1465555607046426624	1190858127995858944	2021-11-30 05:37:40+00:00	Thats why I dont use shoe laces/SRS#BLM#SayNoToRacism #COVID19 #shangchi https://t.co/LEH1I6TTln	too little info	neutral
1465493204015280134	45501252	2021-11-30 01:29:42+00:00	"@TheDragonFeeder Yeah I just posted on the Shang-Chi film. So obviously made for China, a really good attempt at fusion in my view of Hollywood and Hong Kong cinema, and they still got their noses rubbed in the dirt. That happens when you kow tow and there is a slippered foot on your head"	scene/plot talk	neutral
1465437743782240272	18826341	2021-11-29 21:49:19+00:00	"@KatieScarlett94 Same. Hel, finally saw Shang-Chi this month."	watching	neutral
1465473391977066500	1286171951732412417	2021-11-30 00:10:58+00:00	u all fw simu since shangchi but i fwh since kim convenience ___________________________	too little info	neutral
1465456457294696450	775002483382972416	2021-11-29 23:03:40+00:00	MarvelStudios: Can't get enough #ShangChi? Buy Marvel Studios' Shang-Chi and The Legend of The Ten Rings on Blu-ray tomorrow and unlock exclusive Behind-The-Scenes footage and Deleted Scenes. https://t.co/i8sWPQwdEJ https://t.co/qPtp9TfP8z	advertisement	neutral
1465506833825734658	4827821949	2021-11-30 02:23:51+00:00	So I watched Shang-Chi and that bus scene? Where the bus is constantly turning off down side roads but every single one of them is downhill? That was maddening.	scene/plot talk	neutral
1465425336603004932	3686763792	2021-11-29 21:00:01+00:00	#ShangChi and the Legend of the Ten Rings in stores Tuesday.   Pre-order your copy today.#PrimeVideo: https://t.co/eBagBvahNy#Vudu: https://t.co/GSsxxKkk68#Walmart: https://t.co/geeoRREHz8	advertisement	neutral
1465438675756625930	88943180	2021-11-29 21:53:01+00:00	"I have watched Shang-Chi"" and man"	watching	neutral
1465500408638545927	1447877070588157961	2021-11-30 01:58:19+00:00	[See price in cart]Funko POP! Marvel: Shang-Chi and the Legend of the Ten Rings#funkoPOP #walmartExclusiveSource: Walmart CheckerReason: IN_STOCK__: https://t.co/cjFxQOEc3R08:58:17.6410 PM EST #Adhttps://t.co/gYtAU5ERhz	advertisement	neutral
1465552965599694848	1216761698532626432	2021-11-30 05:27:10+00:00	"@kevinthobbs @kevinthobbs I actually reviewed Eternals, just like I did for Shang Chi, Black Widow and have done weekly for What If, Loki, Wandavision, &amp; Falcon and the Winter Soldier!!!!Feel free to share if you like ______https://t.co/VaUjApbsHL"	comparison	neutral
1465536703439933440	2656616354	2021-11-30 04:22:33+00:00	“You’re supposed to stop going on joyrides and start thinking about living up to your potential” — Shang Chi	scene/plot talk	positive
1465461221298221068	78188447	2021-11-29 23:22:36+00:00	Shang-Chi and the Legend of the Ten Rings Movie Giveaway! @shangchi #shangchi @Marvel #Marvel @MarvelStudios #MarvelStudios #MCU @Disney #Disney #AD via @gaynycdad #sweepstakes https://t.co/kmokmMmeFH	Criticism	negative
1465406179815870477	74968729	2021-11-29 19:43:53+00:00	Now watching Shang-Chi and the Legend of the Ten Rings (2021). A film by Destin Cretton.#Cine2021JLSG https://t.co/sXTVad3tJn	watching	neutral
1465377970156146689	953087904452087808	2021-11-29 17:51:48+00:00	I vote for the guy on the bus recording in Shang-Chi to be the new Stan Lee and jist have cameos in all of the Marvel films from here on out he's great __	actor/charactor talk	positive
1465420527418421248	291914829	2021-11-29 20:40:54+00:00	Is Wong doing the Nick Fury thing and assembling a Mystic Avengers? #ShangChi	scene/plot talk	neutral
1465553879689572359	1216761698532626432	2021-11-30 05:30:48+00:00	"@E_salazar27 @E_salazar27 Shang-Chi really was the shocker this yearI actually reviewed Eternals, just like I did for Shang Chi, Black Widow and have done weekly for What If, Loki, Wandavision, &amp; Falcon and the Winter Soldier!!!!https://t.co/VaUjApbsHL"	comparison	neutral
1465444532066078731	1251981854250610688	2021-11-29 22:16:17+00:00	"@shangchi The film is great, what a blast for the eyes this wonderful graphic __ exciting story and talented actors. Thanks @SimuLiu &amp; all the others for the entertainment __ greetings from Berlin. Stay healthy __"	praise	positive
1465543110230900740	1114493689936506882	2021-11-30 04:48:00+00:00	@Kaivalya_22 @MarvelStudios What they did with Shang Chi was pretty cool. If only those beautiful cultural and civilizational nuances are implemented --	praise	positive
1465421882920816647	162301451	2021-11-29 20:46:17+00:00	I’m torn between Dr. Strange and Shang Chi. Can I have them both as my favorites?__	actor/charactor talk	positive
1465383411107905542	166599038	2021-11-29 18:13:25+00:00	Yall. YALL! it was soooooooo good! A new fave. #shangchi	praise	positive
1465485816084451328	342012065	2021-11-30 01:00:20+00:00	Marvel’s first Asian-led superhero film Shang-Chi and The Ten Rings is nothing short of a dynamic spectacle that features the MCU's greatest villain. https://t.co/wO39DPbRjx	scene/plot talk	positive
1465451588324102149	994932158245597184	2021-11-29 22:44:20+00:00	Watching Shang-Chi	watching	neutral
1465455947267166217	782644724322578432	2021-11-29 23:01:39+00:00	@MarvelStudios xialing shang chi razor fist almost canon siblings	actor/charactor talk	neutral
1465474967005540353	1408460588137779202	2021-11-30 00:17:13+00:00	"@GarrettArt Is this the movie that’s going to bring butts back to seats?!? Feels like it. I came back for #carnage and #shangchi myself but skipped #eternals this one feels different, lots of anticipation!"	praise	positive
1465441082607554566	4744218135	2021-11-29 22:02:35+00:00	Friday night was movie night wi the fam (Shang-Chi) so missed @bbcintroducing on @BBCScotland. Just catching up now - Chef session is ______ + a wee surprise play of Ghost again ______ thanks @phoebeih &amp; @shereencutty __ https://t.co/LpMAqwFpEL	praise	positive
1465381726910308357	179174093	2021-11-29 18:06:43+00:00	Shang-Chi was tight !	actor/charactor talk	neutral
1465500833190141952	750751206427860992	2021-11-30 02:00:00+00:00	Are you ready? Assemble your Marvel Studios' movie collection with Shang-Chi and The Legend of The Ten Rings on Blu-ray today.	advertisement	neutral
1465425512059260929	1074438635712327681	2021-11-29 21:00:43+00:00	When shang chi came out https://t.co/ErZaFlehu5	advertisement	neutral
1465379836483051534	40587510	2021-11-29 17:59:13+00:00	The costumes in Shang-Chi are __	actor/charactor talk	neutral
1465404979066380296	994032537927380993	2021-11-29 19:39:07+00:00	@unvpologetic_bi I didn’t mind or notice it in Shang chi. I think all it’s humor worked well.	praise	positive
1465433778449489927	1383615337044709382	2021-11-29 21:33:33+00:00	the avengers the winter soldier iron man 3age of ultron civil war ( saw two times )black panther shang chi https://t.co/sXU5XL6xNt	comparison	neutral
1465515930864128009	1321611417733267457	2021-11-30 03:00:00+00:00	shang-chi and the legend of the ten rings bts https://t.co/wTL3IXjrXQ	too little info	neutral
1465410726961434627	1366820037533732866	2021-11-29 20:01:57+00:00	Galactus is coming. He was teased in Shang-Chi and Eternals set him up even more.I could see him being a big bad. And since he's likely coming relatively soon they could cast for him. https://t.co/ajMQzQ75iB	actor/charactor talk	neutral
1465453135586017285	3244919147	2021-11-29 22:50:28+00:00	does wong have the most appearances out of everyone in phase 4?• Shang Chi• What If?• No Way Home	actor/charactor talk	neutral
1465383451713019910	92697639	2021-11-29 18:13:35+00:00	Shang-Chi and the Ten Rings was really good.	praise	positive
1465554042910822402	329872644	2021-11-30 05:31:27+00:00	@notsoshariff Ya they're going quantity over quality. Loki I haven't seen I only saw the first episode but have heard it's better. Shang Chi was p dope too but other than nothing was worth noting.	Criticism	negative
1465475246270648326	1120720123327913986	2021-11-30 00:18:20+00:00	"Watched dune and shang-chi this weekend, it was so good"	praise	positive
1465532287467020290	296727964	2021-11-30 04:05:00+00:00	@Marvel @MarvelStudios @shangchi Day five of asking @Marvel @MarvelStudios @shangchi for a director's cut of Shang-Chi and The Legend of The Ten Rings because we need to bring justice to all the deleted scenes that should've been kept in the final theatrical cut. #ShangChi	scene/plot talk	neutral
1465382399617818625	1047290346856566784	2021-11-29 18:09:24+00:00	Shang-Chi will be on repeat this whole week	advertisement	neutral
1465436437680214026	201858612	2021-11-29 21:44:07+00:00	"I love the preshow at @AlamoDC . I wish I could have gone for MHA (too late), Castle and Promare (weren't showing), and Shang-Chi (had to pick up my glasses).I haven't heard  Walk with the Animals"" in ages.#Encanto"""	watching	neutral
1465520038903910403	4798273934	2021-11-30 03:16:19+00:00	The way everyone hyped about Spider-Man but didn’t see this when them other movies came out_______ eternals? Shang chi?	comparison	neutral
1465473739001315335	1198208899	2021-11-30 00:12:21+00:00	"I’m watching Shang-Chi instead of #911onFOX tonight, no live tweet for me. I’ll watch it tomorrow on Hulu. _______"	watching	neutral
1465516801320980481	26698305	2021-11-30 03:03:28+00:00	"@SM_Cinema Saw Shang Chi the other day. You call that a Digital Cinema. For P320, the images on screen were so cloudy. The sound was terrible. ______ https://t.co/3Bn2JCk5wX"	watching	negative
1465419110649638923	296294526	2021-11-29 20:35:16+00:00	"No explanation, they are just gone? Okay, fine...#shangchi"	too little info	neutral
1465544126611353603	1314945460017086466	2021-11-30 04:52:02+00:00	@IMDb Shang-Chi of course _______	too little info	neutral
1465439165290450945	1221090082032979968	2021-11-29 21:54:58+00:00	Ohh shit! I forgot about the fact Spider-Man could now possibly interact with Shang-Chi &amp; Fantastic Four https://t.co/aeyfQ1UoZT	actor/charactor talk	neutral
1465408947779784708	1337523197340774401	2021-11-29 19:54:53+00:00	Will this franchise stop with diluting emotions? Shang Chi is one of the only movies that handles them well https://t.co/tn79kZH5mc	praise	positive
1465432971092144138	1443369825452048387	2021-11-29 21:30:21+00:00	@Fandango 1. Shang Chi2. No Time To Did3. Godzilla Vs Kong4. Black Widow5. Free Guy6. Venom7. F98. Quiet Place9. Eternals10. Jungle CruiseHaven’t seen Dune	comparison	neutral
1465420307272024073	108433481	2021-11-29 20:40:02+00:00	I love that there's only one good movie out of all of these and it's Shang-Chi. https://t.co/Ly8ObFHJxn	praise	positive
1465476819818360838	1303352115696369665	2021-11-30 00:24:35+00:00	lately shang-chi or black panther https://t.co/kMIW4RIGxn	comparison	neutral
1465487448490708995	811219351	2021-11-30 01:06:49+00:00	Please RETWEET&amp;LISTEN https://t.co/ECLB8kBm6E Pablo goes over #netflix #MidnightMass #BlueMiracle #JohnLeguizamosLatinHistoryforMorons #LuisEsparza #HispanicHeritage #StarWars #SWVisions TheAmbassador gets into #HBOMax #DoomPatrol #Maid #Dracula #talkingnerdy #talknerdytome RT https://t.co/MqT9B7sumO	too little info	neutral
1465488209064996864	3995434359	2021-11-30 01:09:51+00:00	just watched shang chi https://t.co/10lm16Vwoi	watching	neutral
1465546121489653764	1132333348804866050	2021-11-30 04:59:58+00:00	Yea Shang chi was amazing.	praise	positive
1465443633356750859	1442791312537882628	2021-11-29 22:12:43+00:00	@GsagasSJM SHANG CHI	too little info	neutral
1465457001752891393	93076028	2021-11-29 23:05:50+00:00	@ErguizPresley Shang Chi	too little info	neutral
1465492374239383561	31583750	2021-11-30 01:26:24+00:00	Anxiety's a dweller in darkness tangina.  Shang Chi help.	praise	positive
1465491927608950785	1406485785478459392	2021-11-30 01:24:37+00:00	"@DavinaWinchster Okay I've two choices between Venom 2 and Shang-chi but I'll let ya choose between the 2."""""	comparison	neutral
1465522087825711106	1464761489559011334	2021-11-30 03:24:28+00:00	boutta watch shang chi again &lt;3	watching	neutral
1465410735236861968	1290396897493110785	2021-11-29 20:01:59+00:00	shang-chi is so good y’all wtf	praise	positive
1465477425794486273	1269062101	2021-11-30 00:27:00+00:00	whole of shang chi album features asian artists and there’s anderson paak __	scene/plot talk	neutral
1465554791522660353	296150901	2021-11-30 05:34:25+00:00	shangchi with lovee____________	praise	positive
1465382818503081994	1033278747758260224	2021-11-29 18:11:04+00:00	@NitroSpidey @disneyplus @shangchi @SimuLiu @MarvelStudios Thankyou :)	praise	positive
1465442795326427138	3111463901	2021-11-29 22:09:23+00:00	Shang-Chi and the Legend of the Ten Rings Movie Giveaway! @shangchi #shangchi @Marvel #Marvel @MarvelStudios #MarvelStudios #MCU @Disney #Disney #AD via @gaynycdad #sweepstakes https://t.co/WHbgGHXGSs	advertisement	neutral
1465424255131299846	984551002115334144	2021-11-29 20:55:43+00:00	@blade346 idk shang-chi is amazing	praise	positive
1465411209902108678	7339162	2021-11-29 20:03:53+00:00	"@HANSEN_SOGROOVY On the flip side, I watched every single thing that they put out for Shang Chi and still saw the movie in the theaters. Marvel movies are not very surprising, except for the reveals in the mid/post credit scenes.And big surprises are just cover for crappy writing anyway."	scene/plot talk	positive
1465518149227495433	18736710	2021-11-30 03:08:49+00:00	the dragons in Shang Chi are everything I want in a dragon 10/10 would love to be one	scene/plot talk	neutral
1465540361917546499	816659490221260800	2021-11-30 04:37:05+00:00	"Eternals feels on such another level for me, I really just want them to maybe meet Shang-Chi and I'd really think a Bucky/Druig meeting would be interesting likeWhat's your power? Mind control Okay I just want 1 or 2 more Eternals movies__ https://t.co/Go4ltLFwFA"	actor/charactor talk	neutral
1465415843068657664	296294526	2021-11-29 20:22:17+00:00	"Okay, I like this film so far but the exposition in this one scene hurts #ShangChi"	praise	positive
1465493128685703168	994652693212880897	2021-11-30 01:29:24+00:00	I finally watched #ShangChi.  The martial arts scenes were a lot of fun to watch.  The CG fest at the end...not so much.  But I liked it overall and look forward to the sequel.	praise	positive